SVD1,SVD2
3.316750812176769,1.4434626329246592
2.2094649168989675,-0.3333928878172545
2.5167401466139148,1.0311512964020408
3.757065609705226,2.7563719112437157
1.008908493783155,0.869830820959195
3.050253922473671,2.122401116672824
2.449089669529642,1.174850129223381
2.0594368714004165,1.6089630669940171
2.5108742974634897,0.9180709597020921
2.753628187597355,0.789437672488255
3.4797366827688654,1.3023332385039303
1.7547529013393475,0.6119772303857967
2.1134623403179713,0.6757063392492226
3.4581568194187797,1.1306298791758829
4.312783906744948,2.0959755745876967
2.3051882007807185,1.6625517282451816
2.171955273848331,2.32730534010195
1.8989711767079773,1.6313688839454694
3.54198508205724,2.5183436734517692
2.0845222047213623,1.06113799324099
3.1244025351365576,0.786897104522015
1.0865700682190569,0.24174354718032548
2.5352240798746104,-0.09184062178775726
1.6449883411512758,-0.5162789338408986
1.7615758722022299,-0.31714893513508213
0.990079101601158,0.9406673379134903
1.7752776281266869,0.6861751347776512
1.2354239643399076,-0.08980704024834223
2.188406334398343,0.689569618700588
2.2561089811770905,0.19146193300153677
2.5002200258417444,1.2408338368220637
2.6774110475147586,1.471873648689676
1.6285791164997891,0.05270445309368612
1.9026908622510075,1.633060435241201
1.4103885266321552,0.697934325957611
1.9038262322187434,0.17671095197978345
1.3848622303567821,0.6586398529940781
1.1222074104601236,0.11410976098934279
1.5021945007026358,-0.7694320033472444
2.529801092311721,1.8030019738556964
2.588095425863109,0.7796163045060864
0.6684819938651964,0.16996094467607406
3.0708069904136517,1.1559189566714105
0.4622091375648425,0.3307421339724522
2.1013519305611474,-0.07100892010487397
1.1361661775792067,1.7771073936450066
2.726600963614982,1.1913346910200677
2.8213392742446493,0.6462586010589217
2.0098508509589776,1.2470294623881077
2.7074913043605804,1.751967410625545
3.214917474764091,0.16699199462360467
2.858959826686017,0.7452788028387937
3.505604355894534,1.6127338549869175
2.224791380495435,1.8751679982231684
2.146987823629843,1.0167515401648815
2.4693294837534143,1.3290083090400233
2.7415179142445205,1.4365487823157896
2.1737409209939895,1.2121998417416213
3.1393801518959177,1.7315791184464142
-0.9285819690088364,-3.073486166349347
-1.5424801379102022,-1.3814435085787635
-1.8362497633913741,-0.8299841203020758
0.030606834133255555,-1.262786142508225
2.050261607485228,-1.9250326079798765
-0.6096808272005996,-1.9080588059469437
0.9002278387354885,-0.7639114725829256
2.2485071908141836,-1.8845924839814532
0.18338402662979875,-2.4271461167307744
-0.8128050273663444,-0.22051398739647995
1.9756204986501757,-1.4032832307331
-1.5722162195059057,-0.8849831324968973
1.6576818087670966,-0.9567121998705356
-0.7253723879592083,-1.0636453979172789
2.5622271731306774,0.2601985492235313
1.832567569837394,-1.2878782055839912
-0.8679929031707567,-2.4441011847071743
0.37001440433716254,-2.1539069736216256
-1.4573770448953949,-1.3833517686940986
1.2629308497673606,-0.7708495285444729
0.3761503719158766,-1.0270434040288172
0.7620639040453111,-3.375053812326963
1.0345779671834163,-1.4507097375893443
-0.49487675575301904,-2.3812435294171896
-2.538977084143375,-0.08744335176173255
0.8353201453229719,-1.4736705540000687
0.7879046149064949,-2.026626525507318
-0.8068321559287266,-2.2338303895018243
-0.5580426249881303,-2.3729854329694815
-1.115111041921286,-1.8022471917325296
-0.5557228300267125,-2.65754003811535
-1.3492852824070194,-2.1180014684441852
-1.5644826057420758,-1.8522145225820494
-1.932555610485273,-1.559495451549074
0.746665941880024,-2.312931713191826
0.9574553636197833,-2.2235284413948984
2.5438651842044258,0.16927402299686703
-0.5439525888863472,-0.3689265498948485
1.0310497503759515,-2.5655693491861933
2.251909422243576,-1.432741376863459
1.410216015324929,-2.166191769839776
0.7977197927040787,-2.376948802693791
-0.5495317266200177,-2.293128642167307
-0.16117374000040532,-1.1644833234492409
-0.6597949417057056,-2.679961186750583
0.39235440814051187,-2.098731710391408
-1.7724990778433556,-1.717288465120039
-0.3662673572982162,-2.169353295875707
-1.620672572610317,-1.3555833815492615
0.08253578350032095,-2.306234587480931
1.5782750708934112,-1.4620342916236235
1.4205692477741003,-1.4182066394354262
-0.27870275360372737,-1.930568087010746
-1.3031449662052914,-0.7631723121195768
-0.4570718656902903,-2.2694156089625652
-0.4941858470453995,-1.9390450495216713
0.48207440966335346,-3.871783852437757
-0.2528888777019199,-2.8214923764748003
-0.10722763765183649,-1.928922039741893
-2.433012602462995,-1.2571410373070984
-0.5510895391912228,-2.2221615513745587
0.7396219285490082,-1.4089566680683396
1.3363217337362274,0.2533369427398954
-1.1770869962117496,-0.6639668384860669
-0.46233500792649385,-0.6182881760774162
0.9784740793131994,-1.4455705004854442
-0.09680972624320207,-2.109997990476919
0.038487146134771465,-1.2667621023643376
-1.5971585010723397,-1.2081435691847133
-0.47956491593622735,-1.9388406550125812
-1.7928334729910447,-1.1502881029722232
-1.3271016560128397,0.17038923676653447
-2.3845008346198484,0.37458261003715115
-2.9369401019738386,0.26386183638429966
-2.1468111337444276,0.36825495450654955
-2.3698694884085847,-0.45963481196775063
-3.0638415687074367,0.3534128359290529
-3.9157537836789085,0.1545825206542734
-3.936463390752693,0.6596872320686199
-3.094276117788981,0.34884275830440303
-2.374471628172582,0.2919803455251081
-2.778812947725014,0.2868048695092478
-2.2865612848105226,0.37250784205969917
-2.985633487503077,0.48921790639771656
-2.375194698309487,0.48233371424170607
-2.2098655256366335,1.1600525026453916
-2.625621004630736,0.5631607665054417
-4.2806387786526185,0.6496709676282048
-3.5826413720528003,1.272702747833152
-2.8070637201278856,1.570533785360378
-2.8996593328697133,2.0410570135480004
-2.320736976372107,2.356366082013935
-2.5498309471532252,2.045283093656888
-1.812541284849638,1.5276459460206357
-2.7601446419604128,2.138932346301643
-2.7371505006373504,0.4098862720104058
-3.604868868182356,1.8023842176256204
-2.8898259969233164,1.9252186113069336
-3.3921560768757018,1.3118763870267276
-1.0481818970492027,3.515089684089856
-1.6099122830466508,2.4066381523229476
-3.1431309668163068,0.7381610415356422
-2.240156896371597,1.17546528439481
-2.847673776187934,0.5560439633810185
-2.597497056626783,0.697965538006226
-2.9492993731347936,1.5553089642752007
-3.530032266334839,0.8825267967313862
-2.406110540547992,2.5923561724817126
-2.929084727054011,1.2744469447144322
-2.1814127788547615,2.077537311195459
-2.380927787249203,2.5886674282614988
-3.2116172150605777,-0.25124910513881243
-3.6779187210104123,0.8477478427926152
-2.4655557981087086,2.193798301160944
-3.370524145480148,2.216289138494353
-2.601955851254212,1.7572293499116372
-2.6778394608813123,2.760899131044824
-2.3870170912961246,2.2973466791123673
-3.208758164267109,2.768919563530628
